{
  "project_info": {
    "project_number": "432826772853",
    "project_id": "liorproject-f6684",
    "storage_bucket": "liorproject-f6684.appspot.com"
  },
  "client": [
    {
      "client_info": {
        "mobilesdk_app_id": "1:432826772853:android:d498486fc941192f36373c",
        "android_client_info": {
          "package_name": "com.example.myapplication2"
        }
      },
      "oauth_client": [
        {
          "client_id": "432826772853-9nu85kudrcr6sr31imuin8akt4fdqa1c.apps.googleusercontent.com",
          "client_type": 3
        }
      ],
      "api_key": [
        {
          "current_key": "AIzaSyCNwDuNaQq-H8u-f2dfotOqUX7cCdGtImM"
        }
      ],
      "services": {
        "appinvite_service": {
          "other_platform_oauth_client": [
            {
              "client_id": "432826772853-9nu85kudrcr6sr31imuin8akt4fdqa1c.apps.googleusercontent.com",
              "client_type": 3
            }
          ]
        }
      }
    }
  ],
  "configuration_version": "1"
}